ROW,LABEL,C1,C2,C3
1,Randomized,160 (100%),80 (100%),240 (100%)
2,Dosed (safety population),159 (99%),79 (99%),238 (99%)
3,Immunogenicity per-protocol population,142 (89%),70 (88%),212 (88%)
4,Completed study,155 (97%),77 (96%),232 (97%)
5,Discontinued study,5 (3%),3 (4%),8 (3%)
6,Lost to follow-up,1 (1%),1 (1%),2 (1%)
7,Withdrawal by subject,4 (3%),2 (3%),6 (3%)
8,Age (years),,,
9,n,160,80,240
10,Mean (SD),41.2 (12.97),42.8 (11.98),41.7 (12.65)
11,Median,43.5,43.5,43.5
12,Min; Max,18; 60,20; 60,18; 60
13,Age group,,,
14,18-45,87 (54%),43 (54%),130 (54%)
15,46-60,73 (46%),37 (46%),110 (46%)
16,Sex,,,
17,Female,80 (50%),36 (45%),116 (48%)
18,Male,80 (50%),44 (55%),124 (52%)
19,Race,,,
20,Asian,64 (40%),44 (55%),108 (45%)
21,Black or African American,29 (18%),9 (11%),38 (16%)
22,White,50 (31%),22 (28%),72 (30%)
23,Other,17 (11%),5 (6%),22 (9%)
24,Ethnicity,,,
25,Hispanic or Latino,34 (21%),11 (14%),45 (19%)
26,Not Hispanic or Latino,126 (79%),69 (86%),195 (81%)
